-- phpMyAdmin SQL Dump
-- version 4.9.5
-- https://www.phpmyadmin.net/
--
-- Host: localhost:3306
-- Generation Time: May 02, 2021 at 01:46 PM
-- Server version: 5.7.24
-- PHP Version: 7.4.1

SET SQL_MODE = "NO_AUTO_VALUE_ON_ZERO";
SET AUTOCOMMIT = 0;
START TRANSACTION;
SET time_zone = "+00:00";


/*!40101 SET @OLD_CHARACTER_SET_CLIENT=@@CHARACTER_SET_CLIENT */;
/*!40101 SET @OLD_CHARACTER_SET_RESULTS=@@CHARACTER_SET_RESULTS */;
/*!40101 SET @OLD_COLLATION_CONNECTION=@@COLLATION_CONNECTION */;
/*!40101 SET NAMES utf8mb4 */;

--
-- Database: `musicify`
--

-- --------------------------------------------------------

--
-- Table structure for table `musicify_albums`
--

CREATE TABLE `musicify_albums` (
  `id` int(11) NOT NULL,
  `title` varchar(250) NOT NULL,
  `artist` int(11) NOT NULL,
  `genre` int(11) NOT NULL,
  `artworkPath` varchar(500) NOT NULL
) ENGINE=InnoDB DEFAULT CHARSET=latin1;

--
-- Dumping data for table `musicify_albums`
--

INSERT INTO `musicify_albums` (`id`, `title`, `artist`, `genre`, `artworkPath`) VALUES
(1, 'Bacon and Eggs', 2, 4, 'assets/images/artwork/clearday.jpg'),
(2, 'Pizza head', 5, 10, 'assets/images/artwork/energy.jpg'),
(3, 'Summer Hits', 3, 1, 'assets/images/artwork/goinghigher.jpg'),
(4, 'The movie soundtrack', 2, 9, 'assets/images/artwork/funkyelement.jpg'),
(5, 'Best of the Worst', 1, 3, 'assets/images/artwork/popdance.jpg'),
(6, 'Hello World', 3, 6, 'assets/images/artwork/ukulele.jpg'),
(7, 'Best beats', 4, 7, 'assets/images/artwork/sweet.jpg');

-- --------------------------------------------------------

--
-- Table structure for table `musicify_artists`
--

CREATE TABLE `musicify_artists` (
  `id` int(11) NOT NULL,
  `name` varchar(50) NOT NULL
) ENGINE=InnoDB DEFAULT CHARSET=latin1;

--
-- Dumping data for table `musicify_artists`
--

INSERT INTO `musicify_artists` (`id`, `name`) VALUES
(1, 'Mickey Mouse'),
(2, 'Goofy'),
(3, 'Bart Simpson'),
(4, 'Homer'),
(5, 'Bruce Lee');

-- --------------------------------------------------------

--
-- Table structure for table `musicify_genres`
--

CREATE TABLE `musicify_genres` (
  `id` int(11) NOT NULL,
  `name` varchar(50) NOT NULL
) ENGINE=InnoDB DEFAULT CHARSET=latin1;

--
-- Dumping data for table `musicify_genres`
--

INSERT INTO `musicify_genres` (`id`, `name`) VALUES
(1, 'Rock'),
(2, 'Pop'),
(3, 'Hip-hop'),
(4, 'Rap'),
(5, 'R & B'),
(6, 'Classical'),
(7, 'Techno'),
(8, 'Jazz'),
(9, 'Folk'),
(10, 'Country');

-- --------------------------------------------------------

--
-- Table structure for table `musicify_playlists`
--

CREATE TABLE `musicify_playlists` (
  `id` int(11) NOT NULL,
  `name` varchar(50) NOT NULL,
  `owner` varchar(50) NOT NULL,
  `dateCreated` datetime NOT NULL
) ENGINE=InnoDB DEFAULT CHARSET=latin1;

-- --------------------------------------------------------

--
-- Table structure for table `musicify_playlistsongs`
--

CREATE TABLE `musicify_playlistsongs` (
  `id` int(11) NOT NULL,
  `songId` int(11) NOT NULL,
  `playlistId` int(11) NOT NULL,
  `playlistOrder` int(11) NOT NULL
) ENGINE=InnoDB DEFAULT CHARSET=latin1;

-- --------------------------------------------------------

--
-- Table structure for table `musicify_songs`
--

CREATE TABLE `musicify_songs` (
  `id` int(11) NOT NULL,
  `title` varchar(250) NOT NULL,
  `artist` int(11) NOT NULL,
  `album` int(11) NOT NULL,
  `genre` int(11) NOT NULL,
  `duration` varchar(8) NOT NULL,
  `path` varchar(500) NOT NULL,
  `albumOrder` int(11) NOT NULL,
  `plays` int(11) NOT NULL
) ENGINE=InnoDB DEFAULT CHARSET=latin1;

--
-- Dumping data for table `musicify_songs`
--

INSERT INTO `musicify_songs` (`id`, `title`, `artist`, `album`, `genre`, `duration`, `path`, `albumOrder`, `plays`) VALUES
(1, 'Acoustic Breeze', 1, 5, 8, '2:37', 'assets/music/bensound-acousticbreeze.mp3', 1, 10),
(2, 'A new beginning', 1, 5, 1, '2:35', 'assets/music/bensound-anewbeginning.mp3', 2, 4),
(3, 'Better Days', 1, 5, 2, '2:33', 'assets/music/bensound-betterdays.mp3', 3, 10),
(4, 'Buddy', 1, 5, 3, '2:02', 'assets/music/bensound-buddy.mp3', 4, 13),
(5, 'Clear Day', 1, 5, 4, '1:29', 'assets/music/bensound-clearday.mp3', 5, 8),
(6, 'Going Higher', 2, 1, 1, '4:04', 'assets/music/bensound-goinghigher.mp3', 1, 29),
(7, 'Funny Song', 2, 4, 2, '3:07', 'assets/music/bensound-funnysong.mp3', 2, 11),
(8, 'Funky Element', 2, 1, 3, '3:08', 'assets/music/bensound-funkyelement.mp3', 2, 24),
(9, 'Extreme Action', 2, 1, 4, '8:03', 'assets/music/bensound-extremeaction.mp3', 3, 26),
(10, 'Epic', 2, 4, 5, '2:58', 'assets/music/bensound-epic.mp3', 3, 16),
(11, 'Energy', 2, 1, 6, '2:59', 'assets/music/bensound-energy.mp3', 4, 21),
(12, 'Dubstep', 2, 1, 7, '2:03', 'assets/music/bensound-dubstep.mp3', 5, 21),
(13, 'Happiness', 3, 6, 8, '4:21', 'assets/music/bensound-happiness.mp3', 5, 3),
(14, 'Happy Rock', 3, 6, 9, '1:45', 'assets/music/bensound-happyrock.mp3', 4, 8),
(15, 'Jazzy Frenchy', 3, 6, 10, '1:44', 'assets/music/bensound-jazzyfrenchy.mp3', 3, 8),
(16, 'Little Idea', 3, 6, 1, '2:49', 'assets/music/bensound-littleidea.mp3', 2, 11),
(17, 'Memories', 3, 6, 2, '3:50', 'assets/music/bensound-memories.mp3', 1, 6),
(18, 'Moose', 4, 7, 1, '2:43', 'assets/music/bensound-moose.mp3', 5, 2),
(19, 'November', 4, 7, 2, '3:32', 'assets/music/bensound-november.mp3', 4, 5),
(20, 'Of Elias Dream', 4, 7, 3, '4:58', 'assets/music/bensound-ofeliasdream.mp3', 3, 3),
(21, 'Pop Dance', 4, 7, 2, '2:42', 'assets/music/bensound-popdance.mp3', 2, 10),
(22, 'Retro Soul', 4, 7, 5, '3:36', 'assets/music/bensound-retrosoul.mp3', 1, 10),
(23, 'Sad Day', 5, 2, 1, '2:28', 'assets/music/bensound-sadday.mp3', 1, 9),
(24, 'Sci-fi', 5, 2, 2, '4:44', 'assets/music/bensound-scifi.mp3', 2, 2),
(25, 'Slow Motion', 5, 2, 3, '3:26', 'assets/music/bensound-slowmotion.mp3', 3, 3),
(26, 'Sunny', 5, 2, 4, '2:20', 'assets/music/bensound-sunny.mp3', 4, 18),
(27, 'Sweet', 5, 2, 5, '5:07', 'assets/music/bensound-sweet.mp3', 5, 14),
(28, 'Tenderness ', 3, 3, 7, '2:03', 'assets/music/bensound-tenderness.mp3', 4, 12),
(29, 'The Lounge', 3, 3, 8, '4:16', 'assets/music/bensound-thelounge.mp3 ', 3, 6),
(30, 'Ukulele', 3, 3, 9, '2:26', 'assets/music/bensound-ukulele.mp3 ', 2, 18),
(31, 'Tomorrow', 3, 3, 1, '4:54', 'assets/music/bensound-tomorrow.mp3 ', 1, 9);

-- --------------------------------------------------------

--
-- Table structure for table `musicify_users`
--

CREATE TABLE `musicify_users` (
  `id` int(11) NOT NULL,
  `username` varchar(25) NOT NULL,
  `firstName` varchar(50) NOT NULL,
  `lastName` varchar(50) NOT NULL,
  `email` varchar(200) NOT NULL,
  `password` varchar(255) NOT NULL,
  `signUpDate` datetime NOT NULL,
  `profilePic` varchar(500) NOT NULL
) ENGINE=InnoDB DEFAULT CHARSET=latin1;

--
-- Dumping data for table `musicify_users`
--

INSERT INTO `musicify_users` (`id`, `username`, `firstName`, `lastName`, `email`, `password`, `signUpDate`, `profilePic`) VALUES
(1, 'visitor', 'Visitor', 'Visitor', 'Vs@vs.com', '6e3bd312513ef0d3435d73c528e26083c8b131445b315c24bd3741d6568c6e9b6df03be427549015768df832f3c6fd2d41b0c17c4e34141e3fe34fea77ea66fa', '2021-05-02 14:44:46', 'assets/images/prifile-pics/default.png'),
(2, 'tester', 'John', 'Smith', 'Js@js.com', 'ba3253876aed6bc22d4a6ff53d8406c6ad864195ed144ab5c87621b6c233b548baeae6956df346ec8c17f5ea10f35ee3cbc514797ed7ddd3145464e2a0bab413', '2021-05-02 14:46:06', 'assets/images/prifile-pics/default.png');

--
-- Indexes for dumped tables
--

--
-- Indexes for table `musicify_albums`
--
ALTER TABLE `musicify_albums`
  ADD PRIMARY KEY (`id`);

--
-- Indexes for table `musicify_artists`
--
ALTER TABLE `musicify_artists`
  ADD PRIMARY KEY (`id`);

--
-- Indexes for table `musicify_genres`
--
ALTER TABLE `musicify_genres`
  ADD PRIMARY KEY (`id`);

--
-- Indexes for table `musicify_playlists`
--
ALTER TABLE `musicify_playlists`
  ADD PRIMARY KEY (`id`);

--
-- Indexes for table `musicify_playlistsongs`
--
ALTER TABLE `musicify_playlistsongs`
  ADD PRIMARY KEY (`id`);

--
-- Indexes for table `musicify_songs`
--
ALTER TABLE `musicify_songs`
  ADD PRIMARY KEY (`id`);

--
-- Indexes for table `musicify_users`
--
ALTER TABLE `musicify_users`
  ADD PRIMARY KEY (`id`);

--
-- AUTO_INCREMENT for dumped tables
--

--
-- AUTO_INCREMENT for table `musicify_albums`
--
ALTER TABLE `musicify_albums`
  MODIFY `id` int(11) NOT NULL AUTO_INCREMENT, AUTO_INCREMENT=8;

--
-- AUTO_INCREMENT for table `musicify_artists`
--
ALTER TABLE `musicify_artists`
  MODIFY `id` int(11) NOT NULL AUTO_INCREMENT, AUTO_INCREMENT=6;

--
-- AUTO_INCREMENT for table `musicify_genres`
--
ALTER TABLE `musicify_genres`
  MODIFY `id` int(11) NOT NULL AUTO_INCREMENT, AUTO_INCREMENT=11;

--
-- AUTO_INCREMENT for table `musicify_playlists`
--
ALTER TABLE `musicify_playlists`
  MODIFY `id` int(11) NOT NULL AUTO_INCREMENT;

--
-- AUTO_INCREMENT for table `musicify_playlistsongs`
--
ALTER TABLE `musicify_playlistsongs`
  MODIFY `id` int(11) NOT NULL AUTO_INCREMENT;

--
-- AUTO_INCREMENT for table `musicify_songs`
--
ALTER TABLE `musicify_songs`
  MODIFY `id` int(11) NOT NULL AUTO_INCREMENT, AUTO_INCREMENT=32;

--
-- AUTO_INCREMENT for table `musicify_users`
--
ALTER TABLE `musicify_users`
  MODIFY `id` int(11) NOT NULL AUTO_INCREMENT, AUTO_INCREMENT=3;
COMMIT;

/*!40101 SET CHARACTER_SET_CLIENT=@OLD_CHARACTER_SET_CLIENT */;
/*!40101 SET CHARACTER_SET_RESULTS=@OLD_CHARACTER_SET_RESULTS */;
/*!40101 SET COLLATION_CONNECTION=@OLD_COLLATION_CONNECTION */;
